{"avg_f1_score": 0.17391304347826084, "avg_cosine_similarity": 0.26720741882921406, "avg_llm_eval": 1.0}