{"avg_f1_score": 0.09073842302878597, "avg_cosine_similarity": 0.42573854722131865, "avg_llm_eval": 0.7}