{"avg_f1_score": 0.22284382284382281, "avg_cosine_similarity": 0.4337805911743978, "avg_llm_eval": 0.8}