{"avg_f1_score": 0.26285714285714284, "avg_cosine_similarity": 0.5550241222414618, "avg_llm_eval": 0.9}