{"avg_f1_score": 0.41875000000000007, "avg_cosine_similarity": 0.7613548485387873, "avg_llm_eval": 0.9}