{"avg_f1_score": 0.24778914513611927, "avg_cosine_similarity": 0.4952880642092653, "avg_llm_eval": 0.5}