{"avg_f1_score": 0.4294573643410853, "avg_cosine_similarity": 0.7136237297527033, "avg_llm_eval": 1.0}