{"avg_f1_score": 0.1627906976744186, "avg_cosine_similarity": 0.3312890262440457, "avg_llm_eval": 1.0}