{"avg_f1_score": 0.1057562491173563, "avg_cosine_similarity": 0.2518981245597029, "avg_llm_eval": 0.7999999999999999}