{"avg_f1_score": 0.03837218617319555, "avg_cosine_similarity": 0.19437075625053385, "avg_llm_eval": 0.6}