{"avg_f1_score": 0.3055555555555555, "avg_cosine_similarity": 0.4900241400396879, "avg_llm_eval": 0.8}