{"avg_f1_score": 0.1823004397302691, "avg_cosine_similarity": 0.26321296979185776, "avg_llm_eval": 0.5}