{"avg_f1_score": 0.28346456692913385, "avg_cosine_similarity": 0.31778409808064023, "avg_llm_eval": 0.8}