{"avg_f1_score": 0.05128205128205129, "avg_cosine_similarity": 0.2248548096964218, "avg_llm_eval": 0.6}