{"avg_f1_score": 0.07253348424825505, "avg_cosine_similarity": 0.40445303869474614, "avg_llm_eval": 0.6}