{"avg_f1_score": 0.2154074702886248, "avg_cosine_similarity": 0.5753902883507425, "avg_llm_eval": 0.8}