{"avg_f1_score": 0.1111111111111111, "avg_cosine_similarity": 0.3399999877597038, "avg_llm_eval": 0.8}