{"avg_f1_score": 0.2471130385087812, "avg_cosine_similarity": 0.6118643027593953, "avg_llm_eval": 0.7777777777777778}