{"avg_f1_score": 0.145985401459854, "avg_cosine_similarity": 0.43482015307978616, "avg_llm_eval": 0.8}