{"avg_f1_score": 0.20558891280540761, "avg_cosine_similarity": 0.2803509640096932, "avg_llm_eval": 0.6666666666666666}