{"avg_f1_score": 0.48837209302325585, "avg_cosine_similarity": 0.5562987228960571, "avg_llm_eval": 0.8}