{"avg_f1_score": 0.04694835680751173, "avg_cosine_similarity": 0.14662844544163234, "avg_llm_eval": 0.6666666666666666}