{"avg_f1_score": 0.19277108433734938, "avg_cosine_similarity": 0.3362960748281587, "avg_llm_eval": 0.8}