{"avg_f1_score": 0.11702127659574468, "avg_cosine_similarity": 0.32733981612473034, "avg_llm_eval": 0.6}