{"avg_f1_score": 0.36478811708169506, "avg_cosine_similarity": 0.5013883785542146, "avg_llm_eval": 0.9}