{"avg_f1_score": 0.3728813559322034, "avg_cosine_similarity": 0.6553688175581412, "avg_llm_eval": 1.0}