{"avg_f1_score": 0.27182368193604145, "avg_cosine_similarity": 0.4866453481702049, "avg_llm_eval": 0.9}