{"avg_f1_score": 0.3783783783783784, "avg_cosine_similarity": 0.6981827939055322, "avg_llm_eval": 0.8}