{"avg_f1_score": 0.26666666666666666, "avg_cosine_similarity": 0.3956378022994063, "avg_llm_eval": 0.2}