{"avg_f1_score": 0.2923280423280423, "avg_cosine_similarity": 0.5532425643565589, "avg_llm_eval": 0.5}