{"avg_f1_score": 0.17073170731707318, "avg_cosine_similarity": 0.32846718095513283, "avg_llm_eval": 0.4}