{"avg_f1_score": 0.11330882781959276, "avg_cosine_similarity": 0.40446713993641403, "avg_llm_eval": 0.8}