{"avg_f1_score": 0.21786492374727667, "avg_cosine_similarity": 0.6021125073151994, "avg_llm_eval": 0.9}