{"avg_f1_score": 0.1658406500071632, "avg_cosine_similarity": 0.4323396991299271, "avg_llm_eval": 0.4666666666666666}