{"avg_f1_score": 0.3761046306115235, "avg_cosine_similarity": 0.6879264614508531, "avg_llm_eval": 0.5}