{"avg_f1_score": 0.1292798110979929, "avg_cosine_similarity": 0.2503399740377356, "avg_llm_eval": 0.8}