{"avg_f1_score": 0.2808521814361636, "avg_cosine_similarity": 0.5368935205452724, "avg_llm_eval": 0.7333333333333334}