{"avg_f1_score": 0.22205387205387206, "avg_cosine_similarity": 0.4486000102851194, "avg_llm_eval": 0.9}