{"avg_f1_score": 0.08695652173913043, "avg_cosine_similarity": 0.40652210878278544, "avg_llm_eval": 0.6}