{"avg_f1_score": 0.19095477386934673, "avg_cosine_similarity": 0.6605883870449362, "avg_llm_eval": 0.8}