{"avg_f1_score": 0.2257936507936508, "avg_cosine_similarity": 0.47761407380434684, "avg_llm_eval": 0.6}