{"avg_f1_score": 0.09803921568627451, "avg_cosine_similarity": 0.1748061877689192, "avg_llm_eval": 0.2}