{"avg_f1_score": 0.23097307610769557, "avg_cosine_similarity": 0.5232763829540702, "avg_llm_eval": 0.6}