{"avg_f1_score": 0.20416666666666666, "avg_cosine_similarity": 0.30737717361544137, "avg_llm_eval": 0.5}