{"avg_f1_score": 0.21972049689440995, "avg_cosine_similarity": 0.5195988915194062, "avg_llm_eval": 0.8}