{"avg_f1_score": 0.21309219339909877, "avg_cosine_similarity": 0.462786430989865, "avg_llm_eval": 0.8000000000000002}