{"avg_f1_score": 0.3296703296703297, "avg_cosine_similarity": 0.6552516547358466, "avg_llm_eval": 1.0}