{"avg_f1_score": 0.42199354565798813, "avg_cosine_similarity": 0.6692458033105221, "avg_llm_eval": 0.8666666666666667}